notice_id,title,location,suburb,suburb_source,lga,lga_source,start_date,end_date,end_date_basis,date_parse_status,current_notice,index_section,index_title,location_description,date_text,page_updated_date,source_url,source_page_url,raw_html_file,scraped_at,scrape_date,is_designated_area
public-notice-moomba-2020,Public notice: Moomba Festival 6-8 March 2020,Moomba Festival,,,,,2020-03-06,2020-03-08,notice_date_range_compact,parsed,FALSE,previous,Friday 6 March - Sunday 8 March 2020: Melbourne Moomba Festival 2020,,Public notice: Moomba Festival 6-8 March 2020,2025-07-08,https://www.police.vic.gov.au/public-notice-moomba-2020,https://www.police.vic.gov.au/public-notices,data-raw/vicpol-public-notices/20260925-142915/public-notice-moomba-2020.html,2026-09-25T04:29:15Z,2026-09-25,TRUE
public-notice-city-of-casey-27-March-2020,Public notice: City of Casey - 27 March 2020,City of Casey,,,City of Casey NA,explicit_notice_text,2020-03-27,2020-03-27,single_day_notice,parsed,FALSE,previous,Friday 27 March 2020: City of Casey,,This declaration will operate on 27 March 2020 between 1pm and 9pm.,2025-07-08,https://www.police.vic.gov.au/public-notice-city-of-casey-27-March-2020,https://www.police.vic.gov.au/public-notices,data-raw/vicpol-public-notices/20260925-142915/public-notice-city-of-casey-27-March-2020.html,2026-09-25T04:29:15Z,2026-09-25,TRUE
public-notice-deer-park-17-june-2020,Public notice: Deer Park - 17 June 2020,Deer Park,Deer Park,simple_location_title,,,2020-06-17,2020-06-17,single_day_notice,parsed,FALSE,previous,Wednesday 17 June 2020: Deer Park,,This declaration will operate on Wednesday 17 June 2020 between 1:30pm and 1:30am.,2025-07-08,https://www.police.vic.gov.au/public-notice-deer-park-17-june-2020,https://www.police.vic.gov.au/public-notices,data-raw/vicpol-public-notices/20260925-142915/public-notice-deer-park-17-june-2020.html,2026-09-25T04:29:15Z,2026-09-25,TRUE
public-notice-deer-park-19-20-june-2020,Public notice: Deer Park - 19-20 June 2020,Deer Park,Deer Park,simple_location_title,,,2020-06-19,2020-06-20,notice_date_range_compact,parsed,FALSE,previous,Friday 19 June - Saturday 20 June 2020: Deer Park,,This declaration will operate between 2:30pm 19 June and 2:30am Saturday 20 June 2020.,2025-07-08,https://www.police.vic.gov.au/public-notice-deer-park-19-20-june-2020,https://www.police.vic.gov.au/public-notices,data-raw/vicpol-public-notices/20260925-142915/public-notice-deer-park-19-20-june-2020.html,2026-09-25T04:29:15Z,2026-09-25,TRUE
public-notice-new-years-eve-2020,Public notice: Melbourne New Year's Eve 2020,Melbourne New Year's Eve 2020,,,,,2020-12-31,2021-01-01,notice_date_range,parsed,FALSE,previous,Thursday 31 December 2020 - Friday 1 January 2021: Melbourne New Year's Eve 2020,,This declaration will operate for the 2020 Melbourne CBD New Year’s Eve event on Thursday 31 December 2020 from 7pm to Friday 1 January 2021 at 7am.,2025-07-08,https://www.police.vic.gov.au/public-notice-new-years-eve-2020,https://www.police.vic.gov.au/public-notices,data-raw/vicpol-public-notices/20260925-142915/public-notice-new-years-eve-2020.html,2026-09-25T04:29:15Z,2026-09-25,TRUE
public-notice-st-kilda-new-years-eve-2021,Public notice: St Kilda New Year's Eve 2021,St Kilda New Year's Eve 2021,,,,,2020-12-31,2021-01-01,notice_date_range,parsed,FALSE,previous,Friday 31 December 2021 - Saturday 1 January 2022: St Kilda New Year's Eve,,This declaration will operate between 6pm Friday 31 December 2020 and 6am Saturday 1 January 2021.,2025-07-08,https://www.police.vic.gov.au/public-notice-st-kilda-new-years-eve-2021,https://www.police.vic.gov.au/public-notices,data-raw/vicpol-public-notices/20260925-142915/public-notice-st-kilda-new-years-eve-2021.html,2026-09-25T04:29:15Z,2026-09-25,TRUE
public-notice-moomba-2021,Public notice: Moomba Festival 5-7 March 2021,Moomba Festival,,,,,2021-03-05,2021-03-07,notice_date_range_compact,parsed,FALSE,previous,Friday 5 March - Sunday 7 March 2021: Moomba Festival,,Public notice: Moomba Festival 5-7 March 2021,2025-07-08,https://www.police.vic.gov.au/public-notice-moomba-2021,https://www.police.vic.gov.au/public-notices,data-raw/vicpol-public-notices/20260925-142915/public-notice-moomba-2021.html,2026-09-25T04:29:15Z,2026-09-25,TRUE
public-notice-footscray-6-May-2021,Public notice: Footscray - 6 May 2021,Footscray,Footscray,simple_location_title,,,2021-05-06,2021-05-06,single_day_notice,parsed,FALSE,previous,Thursday 6 May 2021: Footscray,,This declaration is in place on 6 May 2021.,2025-07-08,https://www.police.vic.gov.au/public-notice-footscray-6-May-2021,https://www.police.vic.gov.au/public-notices,data-raw/vicpol-public-notices/20260925-142915/public-notice-footscray-6-May-2021.html,2026-09-25T04:29:15Z,2026-09-25,TRUE
public-notice-city-wyndham-14-15-May-2021,Public notice: City of Wyndham 14-15 May 2021,City of Wyndham,,,City of Wyndham NA,explicit_notice_text,2021-05-14,2021-05-15,notice_date_range_compact,parsed,FALSE,previous,Friday 14 May - Saturday 15 May 2021: City of Wyndham,,This declaration will operate on Friday 14 May from 2pm to Saturday 15 May 2021 at 2am.,2025-07-08,https://www.police.vic.gov.au/public-notice-city-wyndham-14-15-May-2021,https://www.police.vic.gov.au/public-notices,data-raw/vicpol-public-notices/20260925-142915/public-notice-city-wyndham-14-15-May-2021.html,2026-09-25T04:29:15Z,2026-09-25,TRUE
public-notice-wyndham-20-21-May-2021,Public notice: City of Wyndham 20-21 May 2021,City of Wyndham,,,City of Wyndham Declaration of designated area un,explicit_notice_text,2021-05-20,2021-05-21,notice_date_range_compact,parsed,FALSE,previous,Thursday 20 May - Friday 21 May 2021: City of Wyndham,Declaration of designated area under s.10D or s.10E of the Control of Weapons Act 1990 a designated area containing all public places within the City of Wyndham that is within the area bounded by and including:,Public notice: City of Wyndham 20-21 May 2021,2025-07-08,https://www.police.vic.gov.au/public-notice-wyndham-20-21-May-2021,https://www.police.vic.gov.au/public-notices,data-raw/vicpol-public-notices/20260925-142915/public-notice-wyndham-20-21-May-2021.html,2026-09-25T04:29:15Z,2026-09-25,TRUE
public-notice-footscray-30-June-2021,Public notice: Footscray - 30 June 2021,Footscray,Footscray,simple_location_title,,,2021-06-30,2021-06-30,single_day_notice,parsed,FALSE,previous,Wednesday 30 June 2021: Footscray,,This declaration will operate on Wednesday 30 June 2021 between 2pm and 10pm.,2025-07-08,https://www.police.vic.gov.au/public-notice-footscray-30-June-2021,https://www.police.vic.gov.au/public-notices,data-raw/vicpol-public-notices/20260925-142915/public-notice-footscray-30-June-2021.html,2026-09-25T04:29:15Z,2026-09-25,TRUE
public-notice-sunshine-18-August-2021,Public notice: Sunshine - 18 August 2021,Sunshine,Sunshine,simple_location_title,,,2021-08-18,2021-08-18,single_day_notice,parsed,FALSE,previous,Wednesday 18 August 2021: Sunshine,,This declaration is in place on 18 August 2021.,2025-07-08,https://www.police.vic.gov.au/public-notice-sunshine-18-August-2021,https://www.police.vic.gov.au/public-notices,data-raw/vicpol-public-notices/20260925-142915/public-notice-sunshine-18-August-2021.html,2026-09-25T04:29:15Z,2026-09-25,TRUE
public-notice-freedom-rally-melbourne-18-September-2021,Public notice: Freedom Rally Melbourne - Saturday 18 September 2021,Freedom Rally Melbourne,Freedom Rally Melbourne,simple_location_title,,,2021-09-18,2021-09-18,single_day_notice,parsed,FALSE,previous,Saturday 18 September 2021: Freedom Rally Melbourne,,This declaration will be in place for the Freedom Rally from 7am to 7pm on Saturday 18 September 2021.,2025-07-08,https://www.police.vic.gov.au/public-notice-freedom-rally-melbourne-18-September-2021,https://www.police.vic.gov.au/public-notices,data-raw/vicpol-public-notices/20260925-142915/public-notice-freedom-rally-melbourne-18-September-2021.html,2026-09-25T04:29:15Z,2026-09-25,TRUE
public-notice-this-is-what-tyranny-looks-like-rally-saturday-16-october-2021,Public notice: This Is What Tyranny Looks Like rally - Saturday 16 October 2021,This Is What Tyranny Looks Like rally,,,,,2021-10-16,2021-10-16,single_day_notice,parsed,FALSE,previous,Saturday 16 October 2021: This Is What Tyranny Looks Like rally,,This declaration will be in place for the This Is What Tyranny Looks Like Rally from 7am to 7pm on Saturday 16 October 2021.,2025-07-08,https://www.police.vic.gov.au/public-notice-this-is-what-tyranny-looks-like-rally-saturday-16-october-2021,https://www.police.vic.gov.au/public-notices,data-raw/vicpol-public-notices/20260925-142915/public-notice-this-is-what-tyranny-looks-like-rally-saturday-16-october-2021.html,2026-09-25T04:29:15Z,2026-09-25,TRUE
public-notice-melbourne-new-years-eve-2021,Public notice: Melbourne New Year's Eve 2021,Melbourne New Year's Eve 2021,,,,,2021-12-31,2022-01-01,notice_date_range,parsed,FALSE,previous,Friday 31 December 2021 - Saturday 1 January 2022: Melbourne New Year's Eve,,The declaration is in place between 5pm on Friday 31 December 2021 and 5am on Saturday 1 January 2022.,2025-07-08,https://www.police.vic.gov.au/public-notice-melbourne-new-years-eve-2021,https://www.police.vic.gov.au/public-notices,data-raw/vicpol-public-notices/20260925-142915/public-notice-melbourne-new-years-eve-2021.html,2026-09-25T04:29:15Z,2026-09-25,TRUE
public-notice-croydon-28-january-2022,Public notice: Croydon - 28 January 2022,Croydon,Croydon,simple_location_title,,,2022-01-28,2022-01-28,single_day_notice,parsed,FALSE,previous,Friday 28 January 2022: Croydon,,This declaration will operate on 28 January 2022 between 2pm and 10pm.,2025-07-08,https://www.police.vic.gov.au/public-notice-croydon-28-january-2022,https://www.police.vic.gov.au/public-notices,data-raw/vicpol-public-notices/20260925-142915/public-notice-croydon-28-january-2022.html,2026-09-25T04:29:15Z,2026-09-25,TRUE
public-notice-st-kilda-festival-2022,Public notice: St Kilda Festival 2022,St Kilda Festival 2022,,,,,2022-02-05,2022-02-05,single_day_notice,parsed,FALSE,previous,Saturday 5 February 2022: St Kilda Festival 2022,,This declaration will operate on 5 February 2022 between 11am and 10pm.,2025-07-08,https://www.police.vic.gov.au/public-notice-st-kilda-festival-2022,https://www.police.vic.gov.au/public-notices,data-raw/vicpol-public-notices/20260925-142915/public-notice-st-kilda-festival-2022.html,2026-09-25T04:29:15Z,2026-09-25,TRUE
public-notice-melton-9-february-2022,Public notice: Melton 9 February 2022,Melton,Melton,simple_location_title,,,2022-02-09,2022-02-09,single_day_notice,parsed,FALSE,previous,Wednesday 9 February 2022: Melton,"Declaration of designated are under section 10D(1) of the Control of Weapons Act 1990, a designated area containing Melton Railway Station bounded by:",This declaration will operate on the 9 February 2022 between 2pm and 10pm.,2025-07-08,https://www.police.vic.gov.au/public-notice-melton-9-february-2022,https://www.police.vic.gov.au/public-notices,data-raw/vicpol-public-notices/20260925-142915/public-notice-melton-9-february-2022.html,2026-09-25T04:29:15Z,2026-09-25,TRUE
public-notice-doncaster-11-february-2022,Public notice: Doncaster 11 February 2022,Doncaster,Doncaster,simple_location_title,,,2022-02-11,2022-02-11,single_day_notice,parsed,FALSE,previous,Friday 11 February 2022: Doncaster,,This declaration will operate on the 11 February 2022 between 1pm and 9pm.,2025-07-08,https://www.police.vic.gov.au/public-notice-doncaster-11-february-2022,https://www.police.vic.gov.au/public-notices,data-raw/vicpol-public-notices/20260925-142915/public-notice-doncaster-11-february-2022.html,2026-09-25T04:29:15Z,2026-09-25,TRUE
public-notice-st-albans-13-february-2022,Public notice: St Albans 13 February 2022,St Albans,St Albans,simple_location_title,,,2022-02-13,2022-02-13,single_day_notice,parsed,FALSE,previous,Sunday 13 February 2022: St Albans,"The Assistant Commissioner, Transit and Public Safety Command, acting as a delegate of the Chief Commissioner of Police, under section 10D(1) of the Control of Weapons Act 1990, declares a designated area containing St Albans Railway Station and CBD bounded by:",This declaration will operate on 13 February 2022 between 2pm and 10pm.,2025-07-08,https://www.police.vic.gov.au/public-notice-st-albans-13-february-2022,https://www.police.vic.gov.au/public-notices,data-raw/vicpol-public-notices/20260925-142915/public-notice-st-albans-13-february-2022.html,2026-09-25T04:29:15Z,2026-09-25,TRUE
public-notice-st-kilda-13-february-2022,Public notice: St Kilda 13 February 2022,St Kilda,St Kilda,simple_location_title,,,2022-02-13,2022-02-13,single_day_notice,parsed,FALSE,previous,Sunday 13 February 2022: St Kilda,,This declaration will operate on 13 February 2022 between 12pm and 11pm.,2025-07-08,https://www.police.vic.gov.au/public-notice-st-kilda-13-february-2022,https://www.police.vic.gov.au/public-notices,data-raw/vicpol-public-notices/20260925-142915/public-notice-st-kilda-13-february-2022.html,2026-09-25T04:29:15Z,2026-09-25,TRUE
public-notice-melbourne-13-may-2023,Public notice: Melbourne 13 May 2023,Melbourne,Melbourne,simple_location_title,,,2023-05-13,2023-05-13,single_day_notice,parsed,FALSE,previous,Saturday 13 May 2023: Melbourne,Declaration of designated area under s. 10D or s. 10E of the Control of Weapons Act 1990 a designated area containing all public places within the area bound by and including:,That declaration is in place between 7am and 7pm on Saturday 13 May 2023.,2025-07-08,https://www.police.vic.gov.au/public-notice-melbourne-13-may-2023,https://www.police.vic.gov.au/public-notices,data-raw/vicpol-public-notices/20260925-142915/public-notice-melbourne-13-may-2023.html,2026-09-25T04:29:15Z,2026-09-25,TRUE
public-notice-sunshine-west-29-july-2023,Public notice: Sunshine West on 29 July 2023,Sunshine West,Sunshine West,simple_location_title,,,2023-07-29,2023-07-29,single_day_notice,parsed,FALSE,previous,Saturday 29 July 2023: Sunshine West,Declaration of designated area under s.10E of the Control of Weapons Act 1990 a designated area containing all public places within the area bound by and including:,That declaration is in place between 8am and 8pm on Saturday the 29 July 2023.,2025-07-08,https://www.police.vic.gov.au/public-notice-sunshine-west-29-july-2023,https://www.police.vic.gov.au/public-notices,data-raw/vicpol-public-notices/20260925-142915/public-notice-sunshine-west-29-july-2023.html,2026-09-25T04:29:15Z,2026-09-25,TRUE
public-notice-sunshine-west-23-september-2023,Public notice: Sunshine West on 23 September 2023,Sunshine West,Sunshine West,simple_location_title,,,2023-09-23,2023-09-23,single_day_notice,parsed,FALSE,previous,Saturday 23 September 2023: Sunshine West,Declaration of designated area under s.10E of the Control of Weapons Act 1990 a designated area containing all public places within the area bound by and including:,That declaration is in place between 8am and 8pm on Saturday 23 September 2023.,2025-07-08,https://www.police.vic.gov.au/public-notice-sunshine-west-23-september-2023,https://www.police.vic.gov.au/public-notices,data-raw/vicpol-public-notices/20260925-142915/public-notice-sunshine-west-23-september-2023.html,2026-09-25T04:29:15Z,2026-09-25,TRUE
public-notice-melbourne-11-13-september-2024,Public notice: Melbourne Convention and Exhibition Centre and surrounds - 11 to 13 September 2024,Melbourne Convention and Exhibition Centre and surrounds,,,,,2024-09-11,2024-09-13,notice_date_range_shared_month,parsed,FALSE,previous,Wednesday 11 September to Friday 13 September 2024: Melbourne,,Public notice: Melbourne Convention and Exhibition Centre and surrounds - 11 to 13 September 2024,2025-07-08,https://www.police.vic.gov.au/public-notice-melbourne-11-13-september-2024,https://www.police.vic.gov.au/public-notices,data-raw/vicpol-public-notices/20260925-142915/public-notice-melbourne-11-13-september-2024.html,2026-09-25T04:29:15Z,2026-09-25,TRUE
public-notice-melbourne-sunday-15-december-2024,Public notice: Melbourne on Sunday 15 December 2024,Melbourne,Melbourne,simple_location_title,,,2024-12-15,2024-12-15,single_day_notice,parsed,FALSE,previous,Sunday 15 December 2024: Melbourne,Declaration of designated area under s.10E of the Control of Weapons Act 1990 a designated area containing Melbourne CBD area bounded by:,The declaration will be in place between 11am and 5pm on Sunday 15 December 2024.,2025-07-08,https://www.police.vic.gov.au/public-notice-melbourne-sunday-15-december-2024,https://www.police.vic.gov.au/public-notices,data-raw/vicpol-public-notices/20260925-142915/public-notice-melbourne-sunday-15-december-2024.html,2026-09-25T04:29:15Z,2026-09-25,TRUE
public-notice-st-kilda-entertainment-precinct-and-surrounds-tuesday-31-december-2024,Public notice: St Kilda Entertainment Precinct and surrounds Tuesday 31 December 2024,St Kilda Entertainment Precinct and surrounds,,,,,2025-01-24,2025-01-01,notice_date_range_shared_month,needs_review_shared_month_range,FALSE,previous,Tuesday 31 December 2024: St Kilda Entertainment Precinct and surrounds,,This declaration will be in place from 31 December 2024 to 1 January 2025 between the times of 5pm and 5am.,2025-07-08,https://www.police.vic.gov.au/public-notice-st-kilda-entertainment-precinct-and-surrounds-tuesday-31-december-2024,https://www.police.vic.gov.au/public-notices,data-raw/vicpol-public-notices/20260925-142915/public-notice-st-kilda-entertainment-precinct-and-surrounds-tuesday-31-december-2024.html,2026-09-25T04:29:15Z,2026-09-25,TRUE
public-notice-city-port-phillip-bay-street-port-melbourne-tuesday-8-april-2025,Public notice: City of Port Phillip – Bay Street Port Melbourne Tuesday 8 April 2025,City of Port Phillip – Bay Street Port Melbourne,,,City of Port Phillip,explicit_notice_text,2025-04-08,2025-04-08,single_day_notice,parsed,FALSE,previous,Tuesday 8 April 2025: City of Port Phillip – Bay Street Port Melbourne,,This declaration will be in place on 8 April 2025 between the times of 9am and 9pm.,2025-07-08,https://www.police.vic.gov.au/public-notice-city-port-phillip-bay-street-port-melbourne-tuesday-8-april-2025,https://www.police.vic.gov.au/public-notices,data-raw/vicpol-public-notices/20260925-142915/public-notice-city-port-phillip-bay-street-port-melbourne-tuesday-8-april-2025.html,2026-09-25T04:29:15Z,2026-09-25,TRUE
public-notice-glen-shopping-centre-wednesday-16-april-2025,Public notice: The Glen Shopping Centre - Wednesday 16 April 2025,The Glen Shopping Centre,The Glen,location_keyword,,,2025-04-16,2025-04-16,single_day_notice,parsed,FALSE,previous,Wednesday 16 April 2025: The Glen Shopping Centre,,This declaration will be in place on Wednesday 16 April 2025 between the times of 1.30pm and 9.30pm.,2025-07-08,https://www.police.vic.gov.au/public-notice-glen-shopping-centre-wednesday-16-april-2025,https://www.police.vic.gov.au/public-notices,data-raw/vicpol-public-notices/20260925-142915/public-notice-glen-shopping-centre-wednesday-16-april-2025.html,2026-09-25T04:29:15Z,2026-09-25,TRUE
public-notice-flinders-street-railway-station-and-elizabeth-swanston-and-collins-street-tram-stops,"Public notice: Flinders Street Railway Station and Elizabeth, Swanston and Collins Street tram stops - 22 April 2025","Flinders Street Railway Station and Elizabeth, Swanston and Collins Street tram stops",Flinders Street,location_keyword,,,2025-04-22,2025-04-22,single_day_notice,parsed,FALSE,previous,"Tuesday 22 April 2024: Flinders Street Railway Station and Elizabeth, Swanston and Collins Street tram stops",,This declaration will be in place on Tuesday 22 April 2025 between the times of 3pm and 11pm.,2025-07-08,https://www.police.vic.gov.au/public-notice-flinders-street-railway-station-and-elizabeth-swanston-and-collins-street-tram-stops,https://www.police.vic.gov.au/public-notices,data-raw/vicpol-public-notices/20260925-142915/public-notice-flinders-street-railway-station-and-elizabeth-swanston-and-collins-street-tram-stops.html,2026-09-25T04:29:15Z,2026-09-25,TRUE
public-notice-morwell-central-business-district-24-26-april-2025,Public notice: Morwell Central Business District - 24 and 26 April 2025,Morwell Central Business District,Morwell,location_keyword,,,2025-04-24,2025-04-26,notice_date_range_shared_month,parsed,FALSE,previous,Thursday 24 and Saturday 26 April 2025: Morwell Central Business District,,Public notice: Morwell Central Business District - 24 and 26 April 2025,2025-07-08,https://www.police.vic.gov.au/public-notice-morwell-central-business-district-24-26-april-2025,https://www.police.vic.gov.au/public-notices,data-raw/vicpol-public-notices/20260925-142915/public-notice-morwell-central-business-district-24-26-april-2025.html,2026-09-25T04:29:15Z,2026-09-25,TRUE
public-notice-melbourne-parliament-precinct-saturday-26-april-2025,Public notice: Melbourne Parliament precinct - Saturday 26 April 2025,Melbourne Parliament precinct,,,,,2025-04-26,2025-04-26,single_day_notice,parsed,FALSE,previous,Saturday 26 April 2025: Melbourne Parliament precinct,,"This declaration will be in place on 26 April 2025, between the times of 8am and 7.59pm.",2025-05-05,https://www.police.vic.gov.au/public-notice-melbourne-parliament-precinct-saturday-26-april-2025,https://www.police.vic.gov.au/public-notices,data-raw/vicpol-public-notices/20260925-142915/public-notice-melbourne-parliament-precinct-saturday-26-april-2025.html,2026-09-25T04:29:15Z,2026-09-25,TRUE
public-notice-woodgrove-shopping-centre-and-surrounding-area-tuesday-29-april-2025,Public notice: Woodgrove Shopping Centre and surrounding area - Tuesday 29 April 2025,Woodgrove Shopping Centre and surrounding area,Woodgrove,location_keyword,,,2025-04-29,2025-04-29,single_day_notice,parsed,FALSE,previous,Tuesday 29 April 2025: Woodgrove Shopping Centre and surrounding area,,This declaration will be in place on Tuesday 29 April 2025 between the times of 1pm and 9pm.,2025-07-08,https://www.police.vic.gov.au/public-notice-woodgrove-shopping-centre-and-surrounding-area-tuesday-29-april-2025,https://www.police.vic.gov.au/public-notices,data-raw/vicpol-public-notices/20260925-142915/public-notice-woodgrove-shopping-centre-and-surrounding-area-tuesday-29-april-2025.html,2026-09-25T04:29:15Z,2026-09-25,TRUE
public-notice-melbourne-friday-9-may-2025,Public notice: Melbourne - Friday 9 May 2025,Melbourne,Melbourne,simple_location_title,,,2025-05-09,2025-05-09,single_day_notice,parsed,FALSE,previous,Friday 9 May 2025: Melbourne,,This declaration will be in place between 11.59am and 11.59pm on Friday 9 May 2025.,2025-07-08,https://www.police.vic.gov.au/public-notice-melbourne-friday-9-may-2025,https://www.police.vic.gov.au/public-notices,data-raw/vicpol-public-notices/20260925-142915/public-notice-melbourne-friday-9-may-2025.html,2026-09-25T04:29:15Z,2026-09-25,TRUE
public-notice-westfield-shopping-centre-doncaster-6-june-2025,"Public notice: Westfield Shopping Centre, Doncaster - Friday 6 June 2025","Westfield Shopping Centre, Doncaster",Doncaster,title_after_comma,,,2025-06-06,2025-06-06,single_day_notice,parsed,FALSE,previous,"Friday 6 June 2025: Westfield Shopping Centre, Doncaster",,This declaration will be in place from 1-9pm on 6 June 2025.,2025-07-08,https://www.police.vic.gov.au/public-notice-westfield-shopping-centre-doncaster-6-june-2025,https://www.police.vic.gov.au/public-notices,data-raw/vicpol-public-notices/20260925-142915/public-notice-westfield-shopping-centre-doncaster-6-june-2025.html,2026-09-25T04:29:15Z,2026-09-25,TRUE
public-notice-pacific-werribee-shopping-centre-thursday-3-july-2025,Public notice: Pacific Werribee Shopping Centre - Thursday 3 July 2025,Pacific Werribee Shopping Centre,Werribee,location_keyword,,,2025-07-03,2025-07-03,single_day_notice,parsed,FALSE,previous,Thursday 3 July 2025: Pacific Werribee Shopping Centre,,"This declaration will be in place from 2-10pm on Thursday, 3 July 2025.",2025-07-08,https://www.police.vic.gov.au/public-notice-pacific-werribee-shopping-centre-thursday-3-july-2025,https://www.police.vic.gov.au/public-notices,data-raw/vicpol-public-notices/20260925-142915/public-notice-pacific-werribee-shopping-centre-thursday-3-july-2025.html,2026-09-25T04:29:15Z,2026-09-25,TRUE
public-notice-melbourne-central-wednesday-9-july-2025,Public notice: Melbourne Central - Wednesday 9 July 2025,Melbourne Central,Melbourne Central,simple_location_title,,,2025-07-09,2025-07-09,single_day_notice,parsed,FALSE,previous,Wednesday 9 July 2025: Melbourne Central,,This declaration will be in place from 2-11pm on Wednesday 9 July 2025.,2025-06-10,https://www.police.vic.gov.au/public-notice-melbourne-central-wednesday-9-july-2025,https://www.police.vic.gov.au/public-notices,data-raw/vicpol-public-notices/20260925-142915/public-notice-melbourne-central-wednesday-9-july-2025.html,2026-09-25T04:29:15Z,2026-09-25,TRUE
public-notice-southern-cross-station-wednesday-9-july-2025,Public notice: Southern Cross Station - Wednesday 9 July 2025,Southern Cross Station,,,,,2025-07-09,2025-07-09,single_day_notice,parsed,FALSE,previous,Wednesday 9 July 2025: Southern Cross Station,,This declaration will be in place from 2-11pm on Wednesday 9 July 2025.,2025-06-10,https://www.police.vic.gov.au/public-notice-southern-cross-station-wednesday-9-july-2025,https://www.police.vic.gov.au/public-notices,data-raw/vicpol-public-notices/20260925-142915/public-notice-southern-cross-station-wednesday-9-july-2025.html,2026-09-25T04:29:15Z,2026-09-25,TRUE
public-notice-corio-10-july-2025,Public notice: Corio - Thursday 10 July 2025,Corio,Corio,simple_location_title,,,2025-07-10,2025-07-10,single_day_notice,parsed,FALSE,previous,Thursday 10 July 2025: Corio,,This declaration will be in place from 10am to 10pm on 10 July 2025.,2025-07-08,https://www.police.vic.gov.au/public-notice-corio-10-july-2025,https://www.police.vic.gov.au/public-notices,data-raw/vicpol-public-notices/20260925-142915/public-notice-corio-10-july-2025.html,2026-09-25T04:29:15Z,2026-09-25,TRUE
public-notice-frankston-central-business-district-and-frankston-railway-station-thursday-10-july,Public notice: Frankston Central Business District including Frankston Railway Station - Thursday 10 July 2025,Frankston Central Business District including Frankston Railway Station,Frankston,location_keyword,,,2025-07-10,2025-07-10,single_day_notice,parsed,FALSE,previous,Thursday 10 July 2025: Frankston Central Business District including Frankston Railway Station,,This declaration will be in place from 11am to 11.59pm on 10 July 2025.,2025-07-08,https://www.police.vic.gov.au/public-notice-frankston-central-business-district-and-frankston-railway-station-thursday-10-july,https://www.police.vic.gov.au/public-notices,data-raw/vicpol-public-notices/20260925-142915/public-notice-frankston-central-business-district-and-frankston-railway-station-thursday-10-july.html,2026-09-25T04:29:15Z,2026-09-25,TRUE
public-notice-westfield-airport-west,Public notice: Westfield Airport West - Thursday 10 and Friday 11 July 2025,Westfield Airport West,Westfield Airport West,simple_location_title,,,2025-07-10,2025-07-11,notice_date_range_shared_month,parsed,FALSE,previous,Thursday 10 and Friday 11 July 2025: Westfield Airport West,,"This declaration will be in place from 1pm to 9pm, on both 10 and 11 July.",2025-07-08,https://www.police.vic.gov.au/public-notice-westfield-airport-west,https://www.police.vic.gov.au/public-notices,data-raw/vicpol-public-notices/20260925-142915/public-notice-westfield-airport-west.html,2026-09-25T04:29:15Z,2026-09-25,TRUE
public-notice-geelong-shopping-precinct-monday-14-july-2025,Public notice: Geelong Shopping Precinct - Monday 14 July 2025,Geelong Shopping Precinct,Geelong,location_keyword,,,2025-07-14,2025-07-14,single_day_notice,parsed,FALSE,previous,Monday 14 July 2025: Geelong Shopping Precinct,,"This declaration will be in place from 10am-10pm on Monday, 14 July 2025.",2025-07-10,https://www.police.vic.gov.au/public-notice-geelong-shopping-precinct-monday-14-july-2025,https://www.police.vic.gov.au/public-notices,data-raw/vicpol-public-notices/20260925-142915/public-notice-geelong-shopping-precinct-monday-14-july-2025.html,2026-09-25T04:29:15Z,2026-09-25,TRUE
public-notice-waurn-ponds-friday18-july-2025,Public notice: Waurn Ponds - Friday 18 July 2025,Waurn Ponds,Waurn Ponds,simple_location_title,,,2025-07-18,2025-07-18,single_day_notice,parsed,FALSE,previous,Friday 18 July 2025: Waurn Ponds,,This declaration will be in place from 10am to 10pm on 18 July 2025.,2025-07-14,https://www.police.vic.gov.au/public-notice-waurn-ponds-friday18-july-2025,https://www.police.vic.gov.au/public-notices,data-raw/vicpol-public-notices/20260925-142915/public-notice-waurn-ponds-friday18-july-2025.html,2026-09-25T04:29:15Z,2026-09-25,TRUE
public-notice-city-yarra-tuesday-22-july-2025,Public notice: City of Yarra - Tuesday 22 July 2025,City of Yarra,,,City of Yarra NA,explicit_notice_text,2025-07-22,2025-07-22,single_day_notice,parsed,FALSE,previous,Tuesday 22 July 2025: City of Yarra,,This declaration will be in place from 12pm to 11.59pm on Tuesday 22 July 2025.,2025-07-14,https://www.police.vic.gov.au/public-notice-city-yarra-tuesday-22-july-2025,https://www.police.vic.gov.au/public-notices,data-raw/vicpol-public-notices/20260925-142915/public-notice-city-yarra-tuesday-22-july-2025.html,2026-09-25T04:29:15Z,2026-09-25,TRUE
public-notice-warragul-gippsland-snowfest-2025-friday-25-july-2025,"Public notice: Warragul, Gippsland SNOWFEST 2025 - Friday 25 July 2025","Warragul, Gippsland SNOWFEST 20",Gippsland SNOWFEST 20,title_after_comma,,,2025-07-25,2025-07-25,notice_date_range_shared_month,parsed,FALSE,previous,Friday 25 July 2025: Warragul,,This declaration will be in place from 1pm on 25 July to 1am on Saturday 26 July.,2025-07-21,https://www.police.vic.gov.au/public-notice-warragul-gippsland-snowfest-2025-friday-25-july-2025,https://www.police.vic.gov.au/public-notices,data-raw/vicpol-public-notices/20260925-142915/public-notice-warragul-gippsland-snowfest-2025-friday-25-july-2025.html,2026-09-25T04:29:15Z,2026-09-25,TRUE
public-notice-springvale-sunday-27-july-2025,Public notice: Springvale - Sunday 27 July 2025,Springvale,Springvale,simple_location_title,,,2025-07-27,2025-07-27,single_day_notice,parsed,FALSE,previous,Sunday 27 July: Springvale,,This declaration will be in place from 9am to 9pm on Sunday 27 July.,2025-07-22,https://www.police.vic.gov.au/public-notice-springvale-sunday-27-july-2025,https://www.police.vic.gov.au/public-notices,data-raw/vicpol-public-notices/20260925-142915/public-notice-springvale-sunday-27-july-2025.html,2026-09-25T04:29:15Z,2026-09-25,TRUE
public-notice-melbourne-cbd-saturday-16-august-2025,Public notice: Melbourne CBD - Saturday 16 August 2025,Melbourne CBD,Melbourne,location_keyword,,,2025-08-16,2025-08-16,single_day_notice,parsed,FALSE,previous,Saturday 16 August 2025: Melbourne CBD,,This declaration will be in place from 8am to 8pm on Saturday 16 August.,2025-08-11,https://www.police.vic.gov.au/public-notice-melbourne-cbd-saturday-16-august-2025,https://www.police.vic.gov.au/public-notices,data-raw/vicpol-public-notices/20260925-142915/public-notice-melbourne-cbd-saturday-16-august-2025.html,2026-09-25T04:29:15Z,2026-09-25,TRUE
public-notice-sunshine-thursday-21-august-2025,Public notice: Sunshine - Thursday 21 August 2025,Sunshine,Sunshine,simple_location_title,,,2025-08-21,2025-08-21,single_day_notice,parsed,FALSE,previous,Thursday 21 August 2025: Sunshine,,This declaration will be in place from 1pm to 10pm on Thursday 21 August.,2025-08-18,https://www.police.vic.gov.au/public-notice-sunshine-thursday-21-august-2025,https://www.police.vic.gov.au/public-notices,data-raw/vicpol-public-notices/20260925-142915/public-notice-sunshine-thursday-21-august-2025.html,2026-09-25T04:29:15Z,2026-09-25,TRUE
public-notice-fountain-gate-shopping-centre-and-surrounding-transit-hub-friday-22-august-2025,Public notice: Fountain Gate shopping centre and surrounding transit hub - Friday 22 August 2025,Fountain Gate shopping centre and surrounding transit hub,Fountain Gate,location_keyword,,,2025-08-22,2025-08-22,single_day_notice,parsed,FALSE,previous,Friday 22 August 2025: Fountain Gate shopping centre,,This declaration will be in place from 12.00pm to 10.00pm on Friday 22 August.,2025-08-20,https://www.police.vic.gov.au/public-notice-fountain-gate-shopping-centre-and-surrounding-transit-hub-friday-22-august-2025,https://www.police.vic.gov.au/public-notices,data-raw/vicpol-public-notices/20260925-142915/public-notice-fountain-gate-shopping-centre-and-surrounding-transit-hub-friday-22-august-2025.html,2026-09-25T04:29:15Z,2026-09-25,TRUE
public-notice-melbourne-central-business-district-and-surrounds-sunday-31-august-2025,Public notice: Melbourne Central Business District (CBD) and surrounds - Sunday 31 August 2025,Melbourne Central Business District (CBD) and surrounds,Melbourne,location_keyword,,,2025-08-31,2025-08-31,notice_date_range,parsed,FALSE,previous,Sunday 31 August 2025: Melbourne CBD,,"This declaration will be in place from 8am Sunday 31 August 2025, to 8pm Sunday 31 August 2025.",2025-08-26,https://www.police.vic.gov.au/public-notice-melbourne-central-business-district-and-surrounds-sunday-31-august-2025,https://www.police.vic.gov.au/public-notices,data-raw/vicpol-public-notices/20260925-142915/public-notice-melbourne-central-business-district-and-surrounds-sunday-31-august-2025.html,2026-09-25T04:29:15Z,2026-09-25,TRUE
public-notice-melbourne-central-business-district-and-surrounds-saturday-13-september-2025,Public notice: Melbourne Central Business District and surrounds - Saturday 13 September 2025,Melbourne Central Business District and surrounds,Melbourne,location_keyword,,,2025-09-13,2025-09-13,single_day_notice,parsed,FALSE,previous,Saturday 13 September: Melbourne CBD,,"This declaration will be in place from 8am to 8pm, on Saturday 13 September 2025.",2025-09-10,https://www.police.vic.gov.au/public-notice-melbourne-central-business-district-and-surrounds-saturday-13-september-2025,https://www.police.vic.gov.au/public-notices,data-raw/vicpol-public-notices/20260925-142915/public-notice-melbourne-central-business-district-and-surrounds-saturday-13-september-2025.html,2026-09-25T04:29:15Z,2026-09-25,TRUE
public-notice-dandenong-railway-station-and-dandenong-cbd-thursday-18-september-2025,Public notice: Dandenong Railway Station and Dandenong CBD - Thursday 18 September 2025,Dandenong Railway Station and Dandenong CBD,Dandenong,location_keyword,,,2025-09-18,2025-09-18,single_day_notice,parsed,FALSE,previous,Thursday 18 September: Dandenong Railway Station and CBD,,"This declaration will be in place from 12pm to 11.59pm, on Thursday 18 September.",2025-09-12,https://www.police.vic.gov.au/public-notice-dandenong-railway-station-and-dandenong-cbd-thursday-18-september-2025,https://www.police.vic.gov.au/public-notices,data-raw/vicpol-public-notices/20260925-142915/public-notice-dandenong-railway-station-and-dandenong-cbd-thursday-18-september-2025.html,2026-09-25T04:29:15Z,2026-09-25,TRUE
public-notice-waverley-gardens-shopping-centre-20-september-2025,Public notice: Waverley Gardens Shopping Centre - Saturday 20 September 2025,Waverley Gardens Shopping Centre,Waverley Gardens,location_keyword,,,2025-09-20,2025-09-20,single_day_notice,parsed,FALSE,previous,Saturday 20 September: Waverley Gardens Shopping Centre,,"This declaration will be in place from 11am to 7pm, on Saturday 20 September.",2025-09-19,https://www.police.vic.gov.au/public-notice-waverley-gardens-shopping-centre-20-september-2025,https://www.police.vic.gov.au/public-notices,data-raw/vicpol-public-notices/20260925-142915/public-notice-waverley-gardens-shopping-centre-20-september-2025.html,2026-09-25T04:29:15Z,2026-09-25,TRUE
public-notice-corio-wednesday-1-october-2025,Public notice: Corio - Wednesday 1 October 2025,Corio,Corio,simple_location_title,,,2025-10-01,2025-10-01,single_day_notice,parsed,FALSE,previous,Wednesday 1 October: Corio,,This declaration will be in place from 10.00am to 10.00pm on Wednesday 1 October.,2025-09-19,https://www.police.vic.gov.au/public-notice-corio-wednesday-1-october-2025,https://www.police.vic.gov.au/public-notices,data-raw/vicpol-public-notices/20260925-142915/public-notice-corio-wednesday-1-october-2025.html,2026-09-25T04:29:15Z,2026-09-25,TRUE
public-notice-geelong-cbd-wednesday-1-october-2025,Public notice: Geelong CBD - Wednesday 1 October 2025,Geelong CBD,Geelong,location_keyword,,,2025-10-01,2025-10-01,single_day_notice,parsed,FALSE,previous,Wednesday 1 October: Geelong CBD,,This declaration will be in place from 10.00am to 10.00pm on Wednesday 1 October.,2025-09-19,https://www.police.vic.gov.au/public-notice-geelong-cbd-wednesday-1-october-2025,https://www.police.vic.gov.au/public-notices,data-raw/vicpol-public-notices/20260925-142915/public-notice-geelong-cbd-wednesday-1-october-2025.html,2026-09-25T04:29:15Z,2026-09-25,TRUE
public-notice-waurn-ponds-wednesday-1-october-2025,Public notice: Waurn Ponds - Wednesday 1 October 2025,Waurn Ponds,Waurn Ponds,simple_location_title,,,2025-10-01,2025-10-01,single_day_notice,parsed,FALSE,previous,Wednesday 1 October: Waurn Ponds,,This declaration will be in place from 10.00am to 10.00pm on Wednesday 1 October.,2025-09-19,https://www.police.vic.gov.au/public-notice-waurn-ponds-wednesday-1-october-2025,https://www.police.vic.gov.au/public-notices,data-raw/vicpol-public-notices/20260925-142915/public-notice-waurn-ponds-wednesday-1-october-2025.html,2026-09-25T04:29:15Z,2026-09-25,TRUE
public-notice-melbourne-cbd-and-surrounds-sunday-19-october-2025,Public notice: Melbourne CBD and surrounds - Sunday 19 October 2025,Melbourne CBD and surrounds,Melbourne,location_keyword,,,2025-10-19,2025-10-19,single_day_notice,parsed,FALSE,previous,Sunday 19 October 2025: Melbourne CBD,,This declaration will be in place from 8.00am to 8.00pm on Sunday 19 October.,2025-10-14,https://www.police.vic.gov.au/public-notice-melbourne-cbd-and-surrounds-sunday-19-october-2025,https://www.police.vic.gov.au/public-notices,data-raw/vicpol-public-notices/20260925-142915/public-notice-melbourne-cbd-and-surrounds-sunday-19-october-2025.html,2026-09-25T04:29:15Z,2026-09-25,TRUE
public-notice-werribee-railway-station-and-cbd-tuesday-21-october-2025,Public notice: Werribee Railway Station and CBD - Tuesday 21 October 2025,Werribee Railway Station and CBD,Werribee,location_keyword,,,2025-10-21,2025-10-21,single_day_notice,parsed,FALSE,previous,Tuesday 21 October 2025: Werribee Railway Station,,This declaration will be in place from 8am to 10pm on Tuesday 21 October.,2025-10-17,https://www.police.vic.gov.au/public-notice-werribee-railway-station-and-cbd-tuesday-21-october-2025,https://www.police.vic.gov.au/public-notices,data-raw/vicpol-public-notices/20260925-142915/public-notice-werribee-railway-station-and-cbd-tuesday-21-october-2025.html,2026-09-25T04:29:15Z,2026-09-25,TRUE
public-notice-melbourne-cbd-and-surrounds-saturday-15-november-2025,Public notice: Melbourne CBD and surrounds - Saturday 15 November 2025,Melbourne CBD and surrounds,Melbourne,location_keyword,,,2025-11-15,2025-11-15,single_day_notice,parsed,FALSE,previous,Saturday 15 November 2025: Melbourne CBD and surrounds,,This declaration will be in place from 8.00am to 8.00pm on Saturday 15 November.,2025-11-10,https://www.police.vic.gov.au/public-notice-melbourne-cbd-and-surrounds-saturday-15-november-2025,https://www.police.vic.gov.au/public-notices,data-raw/vicpol-public-notices/20260925-142915/public-notice-melbourne-cbd-and-surrounds-saturday-15-november-2025.html,2026-09-25T04:29:15Z,2026-09-25,TRUE
public-notice-morwell-cbd-monday-17-november-2025,Public notice: Morwell CBD - Monday 17 November 2025,Morwell CBD,Morwell,location_keyword,,,2025-11-17,2025-11-17,single_day_notice,parsed,FALSE,previous,Monday 17 November 2025: Morwell CBD,,This declaration will be in place from 12.00pm to 8.00pm on Monday 17 November.,2025-11-10,https://www.police.vic.gov.au/public-notice-morwell-cbd-monday-17-november-2025,https://www.police.vic.gov.au/public-notices,data-raw/vicpol-public-notices/20260925-142915/public-notice-morwell-cbd-monday-17-november-2025.html,2026-09-25T04:29:15Z,2026-09-25,TRUE
public-notice-altona-railway-station-and-cbd-friday-21-november-2025,Public notice: Altona Railway Station and CBD - Friday 21 November 2025,Altona Railway Station and CBD,Altona,location_keyword,,,2025-11-21,2025-11-21,single_day_notice,parsed,FALSE,previous,Friday 21 November 2025: Altona Railway Station and CBD,,This declaration will be in place from 1.00pm to 9.00pm on Friday 21 November.,2025-11-17,https://www.police.vic.gov.au/public-notice-altona-railway-station-and-cbd-friday-21-november-2025,https://www.police.vic.gov.au/public-notices,data-raw/vicpol-public-notices/20260925-142915/public-notice-altona-railway-station-and-cbd-friday-21-november-2025.html,2026-09-25T04:29:15Z,2026-09-25,TRUE
public-notice-melbourne-cbd-saturday-22-november-2025,Public notice: Melbourne CBD - Saturday 22 November 2025,Melbourne CBD,Melbourne,location_keyword,,,2025-11-22,2025-11-22,single_day_notice,parsed,FALSE,previous,Saturday 22 November 2025: Melbourne CBD,,This declaration will be in place from 8.00am to 8.00pm on Saturday 22 November.,2025-11-19,https://www.police.vic.gov.au/public-notice-melbourne-cbd-saturday-22-november-2025,https://www.police.vic.gov.au/public-notices,data-raw/vicpol-public-notices/20260925-142915/public-notice-melbourne-cbd-saturday-22-november-2025.html,2026-09-25T04:29:15Z,2026-09-25,TRUE
public-notice-westfield-knox-shopping-centre-thursday-27-november-2025,Public notice: Westfield Knox Shopping Centre - Thursday 27 November 2025,Westfield Knox Shopping Centre,Knox,location_keyword,,,2025-11-27,2025-11-27,single_day_notice,parsed,FALSE,previous,Thursday 27 November 2025: Westfield Knox Shopping Centre,,This declaration will be in place from 12pm to 11:59pm on Thursday 27 November.,2025-11-05,https://www.police.vic.gov.au/public-notice-westfield-knox-shopping-centre-thursday-27-november-2025,https://www.police.vic.gov.au/public-notices,data-raw/vicpol-public-notices/20260925-142915/public-notice-westfield-knox-shopping-centre-thursday-27-november-2025.html,2026-09-25T04:29:15Z,2026-09-25,TRUE
public-notice-watergardens-railway-station-and-surrounds-thursday-4-december-2025,Public notice: Watergardens Railway Station and surrounds - Thursday 4 December 2025,Watergardens Railway Station and surrounds,Watergardens,location_keyword,,,2025-12-04,2025-12-04,single_day_notice,parsed,FALSE,previous,Thursday 4 December 2025: Watergardens Railway Station and surrounds,,This declaration will be in place from 1.00pm to 9.00pm on Thursday 4 December.,2025-12-05,https://www.police.vic.gov.au/public-notice-watergardens-railway-station-and-surrounds-thursday-4-december-2025,https://www.police.vic.gov.au/public-notices,data-raw/vicpol-public-notices/20260925-142915/public-notice-watergardens-railway-station-and-surrounds-thursday-4-december-2025.html,2026-09-25T04:29:15Z,2026-09-25,TRUE
public-notice-dendy-park-brighton-east-tuesday-9-december-2025,"Public notice: Dendy Park, Brighton East - Tuesday 9 December 2025","Dendy Park, Brighton East",Brighton East,title_after_comma,,,2025-12-09,2025-12-09,single_day_notice,parsed,FALSE,previous,"Tuesday 9 December 2025 - Dendy Park, Brighton East",,This declaration will be in place from 4pm to 11:59pm on Tuesday 9 December 2025.,2025-12-05,https://www.police.vic.gov.au/public-notice-dendy-park-brighton-east-tuesday-9-december-2025,https://www.police.vic.gov.au/public-notices,data-raw/vicpol-public-notices/20260925-142915/public-notice-dendy-park-brighton-east-tuesday-9-december-2025.html,2026-09-25T04:29:15Z,2026-09-25,TRUE
public-notice-corio-village-shopping-centre-and-surrounding-area-monday-15-december-2025,Public notice: Corio Village Shopping Centre and surrounding area - Monday 15 December 2025,Corio Village Shopping Centre and surrounding area,Corio Village,location_keyword,,,2025-12-15,2025-12-15,single_day_notice,parsed,FALSE,previous,Monday 15 December 2025 - Corio Village Shopping Centre,,"This declaration will be in place from 10am to 10pm, on Monday 15 December 2025.",2025-12-05,https://www.police.vic.gov.au/public-notice-corio-village-shopping-centre-and-surrounding-area-monday-15-december-2025,https://www.police.vic.gov.au/public-notices,data-raw/vicpol-public-notices/20260925-142915/public-notice-corio-village-shopping-centre-and-surrounding-area-monday-15-december-2025.html,2026-09-25T04:29:15Z,2026-09-25,TRUE
public-notice-geelong-cbd-and-surrounding-area-monday-15-december-2025,Public notice: Geelong CBD and surrounding area - Monday 15 December 2025,Geelong CBD and surrounding area,Geelong,location_keyword,,,2025-12-15,2025-12-15,single_day_notice,parsed,FALSE,previous,Monday 15 December 2025 - Geelong CBD,,"This declaration will be in place from 10am to 10pm, on Monday 15 December 2025.",2025-12-05,https://www.police.vic.gov.au/public-notice-geelong-cbd-and-surrounding-area-monday-15-december-2025,https://www.police.vic.gov.au/public-notices,data-raw/vicpol-public-notices/20260925-142915/public-notice-geelong-cbd-and-surrounding-area-monday-15-december-2025.html,2026-09-25T04:29:15Z,2026-09-25,TRUE
public-notice-waurn-ponds-shopping-centre-and-surrounding-area-monday-15-december-2025,Public notice: Waurn Ponds Shopping Centre and surrounding area - Monday 15 December 2025,Waurn Ponds Shopping Centre and surrounding area,Waurn Ponds,location_keyword,,,2025-12-15,2025-12-15,single_day_notice,parsed,FALSE,previous,Monday 15 December 2025 - Waurn Ponds Shopping Centre,,"This declaration will be in place from 10am to 10pm, on Monday 15 December 2025.",2025-12-05,https://www.police.vic.gov.au/public-notice-waurn-ponds-shopping-centre-and-surrounding-area-monday-15-december-2025,https://www.police.vic.gov.au/public-notices,data-raw/vicpol-public-notices/20260925-142915/public-notice-waurn-ponds-shopping-centre-and-surrounding-area-monday-15-december-2025.html,2026-09-25T04:29:15Z,2026-09-25,TRUE
public-notice-geelong-cbd-and-surrounds-nye-wednesday-31-december-2025,Public notice: Geelong CBD and surrounds - NYE Wednesday 31 December 2025,Geelong CBD and surrounds - NYE,Geelong,location_keyword,,,2025-12-31,2026-01-01,notice_date_range,parsed,FALSE,previous,Wednesday 31 December 2025 NYE- Geelong CBD,,This declaration will be in place from 1.00pm Wednesday 31 December 2025 to 09.00am Thursday 1 January 2026.,2025-12-24,https://www.police.vic.gov.au/public-notice-geelong-cbd-and-surrounds-nye-wednesday-31-december-2025,https://www.police.vic.gov.au/public-notices,data-raw/vicpol-public-notices/20260925-142915/public-notice-geelong-cbd-and-surrounds-nye-wednesday-31-december-2025.html,2026-09-25T04:29:15Z,2026-09-25,TRUE
public-notice-st-kilda-entertainment-precinct-and-surrounds-wednesday-31-december-2025,Public notice: St Kilda Entertainment Precinct and surrounds - Wednesday 31 December 2025,St Kilda Entertainment Precinct and surrounds,,,,,2025-12-31,2026-01-01,notice_date_range,parsed,FALSE,previous,Wednesday 31 December 2025 NYE- St Kilda,,This declaration will be in place from 5.00pm Wednesday 31 December 2025 to 05.00am Thursday 1 January 2026.,2025-12-11,https://www.police.vic.gov.au/public-notice-st-kilda-entertainment-precinct-and-surrounds-wednesday-31-december-2025,https://www.police.vic.gov.au/public-notices,data-raw/vicpol-public-notices/20260925-142915/public-notice-st-kilda-entertainment-precinct-and-surrounds-wednesday-31-december-2025.html,2026-09-25T04:29:15Z,2026-09-25,TRUE
public-notice-st-albans-railway-station-and-cbd-sunday-18-january-2026,Public notice: St Albans Lunar Festival - St Albans Railway Station and CBD - Sunday 18 January 2026,St Albans Lunar Festival - St Albans Railway Station and CBD,St Albans Lunar Festival - St Albans,location_keyword,,,2026-01-18,2026-01-18,single_day_notice,parsed,FALSE,previous,St Albans Lunar Festival - St Albans Railway Station and CBD Sunday 18 January 2026,,"This declaration will be in place from 9am to 11pm, on Sunday 18 January 2026, and relates to Operation Hyperion - St Albans Lunar Festival.",2026-01-15,https://www.police.vic.gov.au/public-notice-st-albans-railway-station-and-cbd-sunday-18-january-2026,https://www.police.vic.gov.au/public-notices,data-raw/vicpol-public-notices/20260925-142915/public-notice-st-albans-railway-station-and-cbd-sunday-18-january-2026.html,2026-09-25T04:29:15Z,2026-09-25,TRUE
public-notice-dandenong-square-shopping-complex-friday-23-january-2026,"Public notice: Dandenong Square Shopping Complex - Friday 23 January, 2026",Dandenong Square Shopping Complex,,,,,2026-01-23,2026-01-23,single_day_notice,parsed,FALSE,previous,Dandenong Square Shopping Complex - Friday 23 January 2026,,"This declaration will be in place from 8am to 10pm, on Friday 23 January, 2026.",2026-01-19,https://www.police.vic.gov.au/public-notice-dandenong-square-shopping-complex-friday-23-january-2026,https://www.police.vic.gov.au/public-notices,data-raw/vicpol-public-notices/20260925-142915/public-notice-dandenong-square-shopping-complex-friday-23-january-2026.html,2026-09-25T04:29:15Z,2026-09-25,TRUE
public-notice-melbourne-cbd-and-vicinity-sunday-30-november-2025-friday-9-january-2026,Public notice: Melbourne CBD and surrounds - Sunday 30 November 2025 to Friday 9 January 2026,Melbourne CBD and surrounds - Sunday 30 November 20,Melbourne,location_keyword,,,2026-01-25,2026-01-09,notice_date_range_shared_month,needs_review_shared_month_range,FALSE,previous,Sunday 30 November 2025 to Friday 9 January 2026 - Melbourne CBD,,The Declaration declared the area referred to as “the Melbourne CBD and Vicinity” as a designated area from 12.00am 30 November 2025 to 11.59pm 29 May 2026.,2026-01-09,https://www.police.vic.gov.au/public-notice-melbourne-cbd-and-vicinity-sunday-30-november-2025-friday-9-january-2026,https://www.police.vic.gov.au/public-notices,data-raw/vicpol-public-notices/20260925-142915/public-notice-melbourne-cbd-and-vicinity-sunday-30-november-2025-friday-9-january-2026.html,2026-09-25T04:29:15Z,2026-09-25,TRUE
public-notice-mid-valley-shopping-centre-and-morwell-cbd-tuesday-27-january-2026,Public notice: Mid Valley Shopping Centre and Morwell CBD - Tuesday 27 January 2026,Mid Valley Shopping Centre and Morwell CBD,Mid Valley,location_keyword,,,2026-01-27,2026-01-27,single_day_notice,parsed,FALSE,previous,Mid Valley Shopping Centre and Morwell CBD - Tuesday 27 January 2026,,"This declaration will be in place from 10am to 6pm, on Tuesday 27 January 2026.",2026-01-20,https://www.police.vic.gov.au/public-notice-mid-valley-shopping-centre-and-morwell-cbd-tuesday-27-january-2026,https://www.police.vic.gov.au/public-notices,data-raw/vicpol-public-notices/20260925-142915/public-notice-mid-valley-shopping-centre-and-morwell-cbd-tuesday-27-january-2026.html,2026-09-25T04:29:15Z,2026-09-25,TRUE
public-notice-sunshine-railway-station-sunshine-market-place-sunshine-plaza-shopping-centre-and,"Public notice: Sunshine Railway Station, Sunshine Market Place, Sunshine Plaza Shopping Centre and Sunshine CBD - Sunday 8 February 2026","Sunshine Railway Station, Sunshine Market Place, Sunshine Plaza Shopping Centre and Sunshine CBD",Sunshine,location_keyword,,,2026-02-08,2026-02-08,single_day_notice,parsed,FALSE,previous,"Sunshine Railway Station, Sunshine Market Place, Sunshine Plaza Shopping Centre and Sunshine CBD - Sunday 8 February 2026",,"This declaration will be in place from 12pm to 10pm, on Sunday 8 February 2026.",2026-02-06,https://www.police.vic.gov.au/public-notice-sunshine-railway-station-sunshine-market-place-sunshine-plaza-shopping-centre-and,https://www.police.vic.gov.au/public-notices,data-raw/vicpol-public-notices/20260925-142915/public-notice-sunshine-railway-station-sunshine-market-place-sunshine-plaza-shopping-centre-and.html,2026-09-25T04:29:15Z,2026-09-25,TRUE
public-notice-mid-valley-shopping-centre-and-morwell-cbd-monday-9-february-2026,Public notice: Mid Valley Shopping Centre and Morwell CBD - Monday 9 February 2026,Mid Valley Shopping Centre and Morwell CBD,Mid Valley,location_keyword,,,2026-02-09,2026-02-09,single_day_notice,parsed,FALSE,previous,Mid Valley Shopping Centre and Morwell CBD - Monday 9 February 2026,,"This declaration will be in place from 10am to 6pm, on Monday 9 February 2026.",2026-01-20,https://www.police.vic.gov.au/public-notice-mid-valley-shopping-centre-and-morwell-cbd-monday-9-february-2026,https://www.police.vic.gov.au/public-notices,data-raw/vicpol-public-notices/20260925-142915/public-notice-mid-valley-shopping-centre-and-morwell-cbd-monday-9-february-2026.html,2026-09-25T04:29:15Z,2026-09-25,TRUE
public-notice-st-kilda-entertainment-precinct-sunday-15-february-2026,Public notice: St Kilda Entertainment Precinct - Sunday 15 February 2026 - AMENDED,St Kilda Entertainment Precinct,,,,,2026-02-15,2026-02-15,single_day_notice,parsed,FALSE,previous,St Kilda Entertainment Precinct - Sunday 15 February 2026 - AMENDED,,"This declaration will be in place from 10am to 10pm, on Sunday 15 February 2026.",2026-02-13,https://www.police.vic.gov.au/public-notice-st-kilda-entertainment-precinct-sunday-15-february-2026,https://www.police.vic.gov.au/public-notices,data-raw/vicpol-public-notices/20260925-142915/public-notice-st-kilda-entertainment-precinct-sunday-15-february-2026.html,2026-09-25T04:29:15Z,2026-09-25,TRUE
public-notice-st-kilda-festival-and-st-kilda-entertainment-precinct-sunday-15-february-2026,Public notice: St Kilda Festival and St Kilda Entertainment Precinct - Sunday 15 February 2026,St Kilda Festival and St Kilda Entertainment Precinct,,,,,2026-02-15,2026-02-15,single_day_notice,parsed,FALSE,previous,St Kilda Festival and St Kilda Entertainment Precinct - Sunday 15 February 2026,,"This declaration will be in place from 10am to 10pm, on Sunday 15 February 2026.",2026-02-13,https://www.police.vic.gov.au/public-notice-st-kilda-festival-and-st-kilda-entertainment-precinct-sunday-15-february-2026,https://www.police.vic.gov.au/public-notices,data-raw/vicpol-public-notices/20260925-142915/public-notice-st-kilda-festival-and-st-kilda-entertainment-precinct-sunday-15-february-2026.html,2026-09-25T04:29:15Z,2026-09-25,TRUE
public-notice-eastland-shopping-centre-monday-1-december-2025-saturday-28-february-2026,Public notice: Eastland Shopping Centre - Monday 1 December 2025 to Saturday 28 February 2026,Eastland Shopping Centre - Monday 1 December 20,Eastland,location_keyword,,,2026-02-25,2026-02-28,notice_date_range_shared_month,parsed,FALSE,previous,Eastland Shopping Centre - Monday 1 December 2025 to Saturday 28 February 2026,,This declaration will be in place from 8.00am Monday 1 December 2025 to 11.59pm Saturday 28 February 2026.,2025-12-05,https://www.police.vic.gov.au/public-notice-eastland-shopping-centre-monday-1-december-2025-saturday-28-february-2026,https://www.police.vic.gov.au/public-notices,data-raw/vicpol-public-notices/20260925-142915/public-notice-eastland-shopping-centre-monday-1-december-2025-saturday-28-february-2026.html,2026-09-25T04:29:15Z,2026-09-25,TRUE
public-notice-fountain-gate-shopping-precinct-monday-1-december-2025-saturday-28-february-2026,Public notice: Fountain Gate Shopping Precinct - Monday 1 December 2025 to Saturday 28 February 2026,Fountain Gate Shopping Precinct - Monday 1 December 20,Fountain Gate,location_keyword,,,2026-02-25,2026-02-28,notice_date_range_shared_month,parsed,FALSE,previous,Fountain Gate Shopping Precinct - Monday 1 December 2025 to Saturday 28 February 2026,,This declaration will be in place from 8.00am Monday 1 December 2025 to 11.59pm Saturday 28 February 2026.,2025-12-05,https://www.police.vic.gov.au/public-notice-fountain-gate-shopping-precinct-monday-1-december-2025-saturday-28-february-2026,https://www.police.vic.gov.au/public-notices,data-raw/vicpol-public-notices/20260925-142915/public-notice-fountain-gate-shopping-precinct-monday-1-december-2025-saturday-28-february-2026.html,2026-09-25T04:29:15Z,2026-09-25,TRUE
public-notice-highpoint-shopping-centre-monday-1-december-2025-saturday-28-february-2026,Public notice: Highpoint Shopping Centre - Monday 1 December 2025 to Saturday 28 February 2026,Highpoint Shopping Centre - Monday 1 December 20,Highpoint,location_keyword,,,2026-02-25,2026-02-28,notice_date_range_shared_month,parsed,FALSE,previous,Highpoint Shopping Centre - Monday 1 December 2025 to Saturday 28 February 2026,,This declaration will be in place from 8.00am Monday 1 December 2025 to 11.59pm Saturday 28 February 2026.,2025-12-05,https://www.police.vic.gov.au/public-notice-highpoint-shopping-centre-monday-1-december-2025-saturday-28-february-2026,https://www.police.vic.gov.au/public-notices,data-raw/vicpol-public-notices/20260925-142915/public-notice-highpoint-shopping-centre-monday-1-december-2025-saturday-28-february-2026.html,2026-09-25T04:29:15Z,2026-09-25,TRUE
public-notice-northland-shopping-centre-monday-1-december-2025-saturday-28-february-2026,Public notice: Northland Shopping Centre - Monday 1 December 2025 to Saturday 28 February 2026,Northland Shopping Centre - Monday 1 December 20,Northland,location_keyword,,,2026-02-25,2026-02-28,notice_date_range_shared_month,parsed,FALSE,previous,Northland Shopping Centre - Monday 1 December 2025 to Saturday 28 February 2026,,This declaration will be in place from 8.00am Monday 1 December 2025 to 11.59pm Saturday 28 February 2026.,2025-12-05,https://www.police.vic.gov.au/public-notice-northland-shopping-centre-monday-1-december-2025-saturday-28-february-2026,https://www.police.vic.gov.au/public-notices,data-raw/vicpol-public-notices/20260925-142915/public-notice-northland-shopping-centre-monday-1-december-2025-saturday-28-february-2026.html,2026-09-25T04:29:15Z,2026-09-25,TRUE
public-notice-bayside-centre-frankston-12-january-28-february-2026-designated-area-0,"Public notice: Bayside Centre, Frankston - Monday 12 January 2026 to Saturday 28 February 2026 - Designated area","Bayside Centre, Frankston - Monday 12 January 20",,,,,2026-02-26,2026-02-28,notice_date_range_shared_month,parsed,FALSE,previous,"Bayside Centre, Frankston - Monday 12 January 2026 to Saturday 28 February 2026","The area that is declared to be a designated area is all public places within Bayside Centre, Frankston being the area bordered by (and inclusive of)","The declared designated place will be in effect from 8.00 am on 12 January 2026, to 11.59 pm 28 February 2026 inclusive and relates to Operation Pulse.",2026-01-16,https://www.police.vic.gov.au/public-notice-bayside-centre-frankston-12-january-28-february-2026-designated-area-0,https://www.police.vic.gov.au/public-notices,data-raw/vicpol-public-notices/20260925-142915/public-notice-bayside-centre-frankston-12-january-28-february-2026-designated-area-0.html,2026-09-25T04:29:15Z,2026-09-25,TRUE
public-notice-bayside-centre-frankston-12-january-28-february-2026-designated-area-amended,"Public notice: Bayside Centre, Frankston - Monday 12 January 2026 to Saturday 28 February 2026 - Designated area (Amended)","Bayside Centre, Frankston - Monday 12 January 20",,,,,2026-02-26,2026-02-28,notice_date_range_shared_month,parsed,FALSE,previous,"Bayside Centre, Frankston - Monday 12 January 2026 to Saturday 28 February 2026 (Amended)","The area that is declared to be a designated area is all public places within Bayside Centre, Frankston being the area bordered by (and inclusive of):","The declared designated area will be in effect from 8am on 12 January, 2026 to 11.59pm 28 February, 2026, and relates to Operation Pulse.",2026-01-09,https://www.police.vic.gov.au/public-notice-bayside-centre-frankston-12-january-28-february-2026-designated-area-amended,https://www.police.vic.gov.au/public-notices,data-raw/vicpol-public-notices/20260925-142915/public-notice-bayside-centre-frankston-12-january-28-february-2026-designated-area-amended.html,2026-09-25T04:29:15Z,2026-09-25,TRUE
public-notice-dandenong-ramadan-night-market-thursday-26-february-monday-16-march-2026,Public notice: Dandenong Ramadan Night Market - Thursday 26 February to Monday 16 March 2026,Dandenong Ramadan Night Market,Dandenong Ramadan Night Market,simple_location_title,,,2026-02-26,2026-03-16,notice_date_range,parsed,FALSE,previous,Dandenong Ramadan Night Market - Thursday 26 February to Monday 16 March 2026,The area that is declared to be a designated area is all public places within the area bordered by (and inclusive of):,Public notice: Dandenong Ramadan Night Market - Thursday 26 February to Monday 16 March 2026,2026-02-25,https://www.police.vic.gov.au/public-notice-dandenong-ramadan-night-market-thursday-26-february-monday-16-march-2026,https://www.police.vic.gov.au/public-notices,data-raw/vicpol-public-notices/20260925-142915/public-notice-dandenong-ramadan-night-market-thursday-26-february-monday-16-march-2026.html,2026-09-25T04:29:15Z,2026-09-25,TRUE
public-notice-pacific-werribee-hoppers-crossing-12-january-28-february-2026-designated-area,"Public notice: Pacific Werribee, Hoppers Crossing - Monday 12 January 2026 to Saturday 28 February 2026 - Designated area","Pacific Werribee, Hoppers Crossing - Monday 12 January 20",,,,,2026-02-26,2026-02-28,notice_date_range_shared_month,parsed,FALSE,previous,"Pacific Werribee, Hoppers Crossing - Monday 12 January 2026 to Saturday 28 February 2026","The area that is declared to be a designated area is all public places within Pacific Werribee, Hoppers Crossing being the area bordered by (and inclusive of):","The declared designated area will be in effect from 8am on 12 January, 2026 to 11.59pm 28 February, 2026, and relates to Operation Pulse.",2026-01-08,https://www.police.vic.gov.au/public-notice-pacific-werribee-hoppers-crossing-12-january-28-february-2026-designated-area,https://www.police.vic.gov.au/public-notices,data-raw/vicpol-public-notices/20260925-142915/public-notice-pacific-werribee-hoppers-crossing-12-january-28-february-2026-designated-area.html,2026-09-25T04:29:15Z,2026-09-25,TRUE
public-notice-flinders-street-railway-station-and-federation-square-saturday-7-march-2026,Public notice: Flinders Street Railway Station and Federation Square - Saturday 7 March 2026,Flinders Street Railway Station and Federation Square,Flinders Street,location_keyword,,,2026-03-07,2026-03-07,notice_date_range,parsed,FALSE,previous,Flinders Street Railway Station and Federation Square - Saturday 7 March 2026,"The area that is declared to be a designated area is all public places within Flinders Street Railway Station and Federation Square, being the area bordered by (and inclusive of):",The declared designated area will be in effect from 9am on Saturday 7 March 2026 to 11pm Saturday 7 March 2026 inclusive.,2026-03-04,https://www.police.vic.gov.au/public-notice-flinders-street-railway-station-and-federation-square-saturday-7-march-2026,https://www.police.vic.gov.au/public-notices,data-raw/vicpol-public-notices/20260925-142915/public-notice-flinders-street-railway-station-and-federation-square-saturday-7-march-2026.html,2026-09-25T04:29:15Z,2026-09-25,TRUE
public-notice-melbourne-cbd-sunday-30-november-2025-friday-29-may-2026,Public notice: Melbourne CBD - Sunday 30 November 2025 to Friday 29 May 2026 - AMENDED,Melbourne CBD - Sunday 30 November 20,Melbourne,location_keyword,,,2026-05-25,2026-05-29,notice_date_range_shared_month,parsed,FALSE,previous,Sunday 30 November 2025 to Friday 29 May 2026 - Melbourne CBD - AMENDED,,This declaration will be in place from 12am Sunday 30 November 2025 to 11.59pm Friday 29 May 2026.,2026-01-08,https://www.police.vic.gov.au/public-notice-melbourne-cbd-sunday-30-november-2025-friday-29-may-2026,https://www.police.vic.gov.au/public-notices,data-raw/vicpol-public-notices/20260925-142915/public-notice-melbourne-cbd-sunday-30-november-2025-friday-29-may-2026.html,2026-09-25T04:29:15Z,2026-09-25,TRUE
public-notice-footscray-business-district-friday-19-june-2026,Public notice: Footscray Business District - Friday 19 June 2026,Footscray Business District,Footscray,location_keyword,,,2026-06-19,2026-06-19,notice_date_range,parsed,FALSE,previous,Footscray Business District - Friday 19 June 2026,The area that is declared to be a designated area is all public places within the Footscray Business District inclusive of the associated public transport facilities and Footscray Railway Station being the area boarded by (and inclusive of):,The declared designated area will be in effect from 2.00pm 19 June 2026 to 11.00pm 19 June 2026 inclusive.,2026-06-16,https://www.police.vic.gov.au/public-notice-footscray-business-district-friday-19-june-2026,https://www.police.vic.gov.au/public-notices,data-raw/vicpol-public-notices/20260925-142915/public-notice-footscray-business-district-friday-19-june-2026.html,2026-09-25T04:29:15Z,2026-09-25,TRUE
public-notice-geelong-cbd-eastern-beach-foreshore-friday-10-july-2026,Public notice: Geelong Central Business District and Eastern Beach Foreshore - Friday 10 July 2026,Geelong Central Business District and Eastern Beach Foreshore,Geelong,location_keyword,,,2026-07-10,2026-07-10,notice_date_range,parsed,FALSE,previous,Geelong Central Business District and Eastern Beach Foreshore - Friday 10 July 2026,"The area that is declared to be a designated area is all public places within and around the Geelong Central Business District, Eastern Beach foreshore and associated piers and carparks and public transport hubs Geelong Railway Station and Moorabool Street bus terminals, Geelong, being the area bordered by (and inclusive of):",The declared designated area will be in effect from 10.00am on 10 July 2026 to 10.00pm on 10 July 2026 inclusive.,2026-07-09,https://www.police.vic.gov.au/public-notice-geelong-cbd-eastern-beach-foreshore-friday-10-july-2026,https://www.police.vic.gov.au/public-notices,data-raw/vicpol-public-notices/20260925-142915/public-notice-geelong-cbd-eastern-beach-foreshore-friday-10-july-2026.html,2026-09-25T04:29:15Z,2026-09-25,TRUE
public-notice-warragul-central-business-district-friday-24-july-2026,Public notice: Warragul Central Business District - Friday 24 July 2026,Warragul Central Business District,Warragul,location_keyword,,,2026-07-24,2026-07-24,notice_date_range,parsed,FALSE,previous,Warragul Central Business District - Friday 24 July 2026,The area that is declared to be a Designated Area is all public places within the Warragul Central Business District inclusive of the associated public transport facilities and Warragul Railway Station being the area bordered by (and inclusive of):,The declared designated area will be in effect from 2pm on 24 July 2026 to 9.30pm on 24 July 2026 inclusive.,2026-07-23,https://www.police.vic.gov.au/public-notice-warragul-central-business-district-friday-24-july-2026,https://www.police.vic.gov.au/public-notices,data-raw/vicpol-public-notices/20260925-142915/public-notice-warragul-central-business-district-friday-24-july-2026.html,2026-09-25T04:29:15Z,2026-09-25,TRUE
public-notice-northland-shopping-centre-preston-thursday-17-september-2026,"Public notice: Northland Shopping Centre, Preston - Thursday 17 September 2026","Northland Shopping Centre, Preston",Preston,title_after_comma,,,2026-09-17,2026-09-17,single_day_notice,parsed,FALSE,previous,"Northland Shopping Centre, Preston -Thursday 17 September 2026","The area that is declared to be a Designated Area is all public places within Northland Shopping Centre, Preston, including associated car parks and direct surrounds, being the area bordered by and inclusive of:",The declared designated area will be in effect from 10am to 11pm on 17 September 2026 inclusive.,2026-09-15,https://www.police.vic.gov.au/public-notice-northland-shopping-centre-preston-thursday-17-september-2026,https://www.police.vic.gov.au/public-notices,data-raw/vicpol-public-notices/20260925-142915/public-notice-northland-shopping-centre-preston-thursday-17-september-2026.html,2026-09-25T04:29:15Z,2026-09-25,TRUE
public-notice-stockland-wendouree-shopping-centre-wendouree-thursday-24-september-2026,"Public notice: Stockland Wendouree Shopping Centre, Wendouree - Thursday 24 September 2026","Stockland Wendouree Shopping Centre, Wendouree",Wendouree,title_after_comma,,,2026-09-24,2026-09-24,notice_date_range,parsed,TRUE,current,"Public notice: Stockland Wendouree Shopping Centre, Wendouree - Thursday 24 September 2026","The area that is declared to be a designated area is all public places within Stockland Wendouree Shopping Centre (including carparks), Wendouree, being the area bordered by (and inclusive of):",The declared designated area will be in effect from 11am on Thursday 24 September 2026 to 9pm on Thursday 24 September 2026 inclusive.,2026-09-21,https://www.police.vic.gov.au/public-notice-stockland-wendouree-shopping-centre-wendouree-thursday-24-september-2026,https://www.police.vic.gov.au/public-notices,data-raw/vicpol-public-notices/20260925-142915/public-notice-stockland-wendouree-shopping-centre-wendouree-thursday-24-september-2026.html,2026-09-25T04:29:15Z,2026-09-25,TRUE
public-notice-waurn-ponds-shopping-centre-precinct-waurn-ponds-wednesday-30-september-2026,"Public notice: Waurn Ponds Shopping Centre Precinct, Waurn Ponds - Wednesday 30 September 2026","Waurn Ponds Shopping Centre Precinct, Waurn Ponds",Waurn Ponds,title_after_comma,,,2026-09-30,2026-09-30,notice_date_range,parsed,TRUE,current,"Public notice: Waurn Ponds Shopping Centre Precinct, Waurn Ponds - Wednesday 30 September 2026","The area that is declared to be a designated area is all public places within and around the Waurn Ponds shopping centre precinct, Waurn Ponds Hotel precinct, and Waurn Ponds Skate Park, Waurn Ponds, being the area bordered by (and inclusive of):",The declared designated area will be in effect from 10am on 30 September 2026 to 10pm on 30 September 2026 inclusive.,2026-09-24,https://www.police.vic.gov.au/public-notice-waurn-ponds-shopping-centre-precinct-waurn-ponds-wednesday-30-september-2026,https://www.police.vic.gov.au/public-notices,data-raw/vicpol-public-notices/20260925-142915/public-notice-waurn-ponds-shopping-centre-precinct-waurn-ponds-wednesday-30-september-2026.html,2026-09-25T04:29:15Z,2026-09-25,TRUE
public-notice-eastland-shopping-centre-ringwood-thursday-1-october-2026,"Public notice: Eastland Shopping Centre, Ringwood - Thursday 1 October, 2026","Eastland Shopping Centre, Ringwood",Ringwood,title_after_comma,,,2026-10-01,2026-10-01,notice_date_range,parsed,TRUE,current,"Public notice: Eastland Shopping Centre, Ringwood - Thursday 1 October, 2026","The area that is declared to be a designated area is all public places within and around Eastland Shopping Centre (including carparks), Ringwood, being the area bordered by (and inclusive of):",The declared designated area will be in effect from 11am on 1 October 2026 to 7pm on 1 October 2026 inclusive.,2026-09-24,https://www.police.vic.gov.au/public-notice-eastland-shopping-centre-ringwood-thursday-1-october-2026,https://www.police.vic.gov.au/public-notices,data-raw/vicpol-public-notices/20260925-142915/public-notice-eastland-shopping-centre-ringwood-thursday-1-october-2026.html,2026-09-25T04:29:15Z,2026-09-25,TRUE
public-notice-corio-village-shopping-centre-corio-friday-2-october-2026,"Public notice: Corio Village Shopping Centre, Corio - Friday 2 October, 2026","Corio Village Shopping Centre, Corio",Corio,title_after_comma,,,2026-10-02,2026-10-02,notice_date_range,parsed,TRUE,current,"Public notice: Corio Village Shopping Centre, Corio - Friday 2 October, 2026","The area that is declared to be a designated area is all public places within Corio Village Shopping Centre and surrounding area, being the area bordered by (and inclusive of):",The declared designated area will be in effect from 10am on 2 October 2026 to 10pm on 2 October 2026 inclusive.,2026-09-24,https://www.police.vic.gov.au/public-notice-corio-village-shopping-centre-corio-friday-2-october-2026,https://www.police.vic.gov.au/public-notices,data-raw/vicpol-public-notices/20260925-142915/public-notice-corio-village-shopping-centre-corio-friday-2-october-2026.html,2026-09-25T04:29:15Z,2026-09-25,TRUE
public-notice-eastland-shopping-centre-ringwood-friday-2-october-2026,"Public notice: Eastland Shopping Centre, Ringwood - Friday 2 October, 2026","Eastland Shopping Centre, Ringwood",Ringwood,title_after_comma,,,2026-10-02,2026-10-02,notice_date_range,parsed,TRUE,current,"Public notice: Eastland Shopping Centre, Ringwood - Friday 2 October, 2026","The area that is declared to be a designated area is all public places within and around Eastland Shopping Centre (including carparks), Ringwood, being the area bordered by (and inclusive of):",The declared designated area will be in effect from 11am on 2 October 2026 to 7pm on 2 October 2026 inclusive.,2026-09-24,https://www.police.vic.gov.au/public-notice-eastland-shopping-centre-ringwood-friday-2-october-2026,https://www.police.vic.gov.au/public-notices,data-raw/vicpol-public-notices/20260925-142915/public-notice-eastland-shopping-centre-ringwood-friday-2-october-2026.html,2026-09-25T04:29:15Z,2026-09-25,TRUE
